,normal,uniform,binomial
2020-01-01,1.1552023660913253,0.2218468967377425,0
2020-01-02,-0.37997372500211357,0.9304562420517336,0
2020-01-03,-1.3650320901831017,0.5756791223694975,1
2020-01-04,0.7230909544936466,0.17983750628688755,0
2020-01-05,0.03606770831598718,0.2928671314191551,1
2020-01-06,1.1509620299524062,0.9359130769511024,0
2020-01-07,0.8460995274969454,0.7938629694885521,1
2020-01-08,0.14268896685206686,0.553942689534801,0
2020-01-09,1.6638479732546188,0.08579889772106764,0
2020-01-10,-0.34217954244429777,0.6545661908477179,1
2020-01-11,3.0197150062396747,0.37751680203576676,1
2020-01-12,-0.8311163988235929,0.22535569600709449,1
2020-01-13,-0.374851570681703,0.6351237811072121,0
2020-01-14,1.0979710260753053,0.503652314077676,0
2020-01-15,1.601377271880306,0.8843503259901287,0
2020-01-16,1.0172736904542734,0.5395223291336017,1
2020-01-17,1.130464211601583,0.41979425116430213,0
2020-01-18,-0.7938507896516819,0.6204868113659021,0
2020-01-19,-0.06764549561235929,0.17084496016706152,0
2020-01-20,-0.5067479275745937,0.8324861128663867,1
2020-01-21,-1.55593998218079,0.3331008227615373,1
2020-01-22,0.1392096999375182,0.4357352270052355,1
2020-01-23,4.0169778193754375,0.9180923647847082,1
2020-01-24,0.09630869320899452,0.05855286186874609,1
2020-01-25,-1.008380300568309,0.765381233620591,0
2020-01-26,-0.8976533893592786,0.6714030619966064,0
2020-01-27,-0.016248133763590467,0.6284032471619327,0
2020-01-28,-0.8732262880326765,0.6012467851155159,1
2020-01-29,0.7723042961023486,0.011705045216627408,0
2020-01-30,-0.35491419255990386,0.6944639898918901,0
2020-01-31,1.4433790543414118,0.6519596891793152,0
2020-02-01,-1.104023254942849,0.43130518010081775,0
2020-02-02,1.41903142281679,0.9983089057832413,0
2020-02-03,0.33545697645575795,0.2271357227289812,0
2020-02-04,-0.4884658688176032,0.6563372566067202,0
2020-02-05,-0.3036450296935787,0.2815203283347968,0
2020-02-06,0.084808148160594,0.4489237418071309,0
2020-02-07,0.8589070380855548,0.01394215601937554,0
2020-02-08,0.12084485115918076,0.8224528608973429,0
2020-02-09,-1.430033635159398,0.7012153551107996,0
2020-02-10,0.33674924371394577,0.04442578041377121,0
2020-02-11,-0.7064305112930412,0.4496050535252375,0
2020-02-12,0.29330496867655925,0.8001549597959657,0
2020-02-13,-1.0211961892517338,0.246392923261176,0
2020-02-14,-0.1645149758166675,0.6578354113046875,0
2020-02-15,-1.0567312228199757,0.30290818503043326,1
2020-02-16,-0.7856495895479775,0.9714769494346172,0
2020-02-17,-0.14021669364180503,0.4634509456457633,0
2020-02-18,-0.11757682687452072,0.4321787969303654,0
2020-02-19,0.6773852021681098,0.29997605262315197,1
2020-02-20,0.14276245860661335,0.5324820797572843,1
2020-02-21,-1.1549988799661561,0.33990211508985335,0
2020-02-22,1.1580679821665347,0.1398521001157681,0
2020-02-23,0.19548894841317432,0.5016341788072376,0
2020-02-24,0.09060347398766629,0.511877333856983,1
2020-02-25,-0.5723732210942863,0.06585454781878142,0
2020-02-26,0.3597218990496272,0.19955179223226127,0
2020-02-27,0.9917252854497947,0.7612080440629817,0
2020-02-28,-0.7138480494448353,0.7875126958072209,0
2020-02-29,1.4506768475328744,0.35384820417155327,1
2020-03-01,-1.0913747486314194,0.895900044396966,0
2020-03-02,0.058787388949452304,0.8954336506848922,0
2020-03-03,0.6535273307500852,0.41937881954818124,0
2020-03-04,-0.3029307712125837,0.5255012531400921,0
2020-03-05,0.12972132501316125,0.3841003976022437,0
2020-03-06,-0.683461208684996,0.46599552523573573,0
2020-03-07,-0.35910519266566876,0.6232729797462682,0
2020-03-08,1.7404452910045067,0.8396411017848506,0
2020-03-09,-0.96941689980084,0.6072315971888799,1
2020-03-10,1.1644464965860466,0.3856204831643617,0
2020-03-11,1.4773373677683574,0.8189915012326671,1
2020-03-12,1.8787976332821377,0.3065752825485747,0
2020-03-13,0.2854634274885782,0.5352776578921032,0
2020-03-14,-0.3491084578103064,0.6103648141652109,1
2020-03-15,0.7011725426700495,0.16016808218342182,1
2020-03-16,0.7375701830665571,0.007904321467731457,1
2020-03-17,0.8165926088480387,0.8891015003828883,1
2020-03-18,0.8345536732432163,0.5863973344415833,0
2020-03-19,0.9277159418185956,0.6960204791617428,0
2020-03-20,-0.35919437627253714,0.9259475611225069,0
2020-03-21,-2.2513743803126003,0.29075040052179957,0
2020-03-22,0.5565478849769226,0.9679085092945463,0
2020-03-23,-0.3901610344487631,0.24392110043964343,0
2020-03-24,-1.818536696860348,0.5828336099169356,0
2020-03-25,0.38596282395687426,0.6803826184931462,0
2020-03-26,1.1624581272210892,0.9341381138839732,0
2020-03-27,-0.8776981224751976,0.9753216428935554,0
2020-03-28,1.2441066266837182,0.287986410494786,0
2020-03-29,0.18862416537973128,0.5403440406490948,1
2020-03-30,-0.9157940794965373,0.08463506709429469,1
2020-03-31,0.04188910444794954,0.6197063082209453,0
2020-04-01,0.6321302477915354,0.9102116784758678,0
2020-04-02,0.3966625092361126,0.29022548137177595,0
2020-04-03,-0.592972891235328,0.5109321238236397,1
2020-04-04,-0.9393863760681445,0.32666540017100165,0
2020-04-05,0.4040604462385985,0.930930150388964,0
2020-04-06,-2.035589644893054,0.5342823829221394,0
2020-04-07,-0.7025196060820648,0.8383582844222027,0
2020-04-08,-1.028219365679661,0.9918826169810787,0
2020-04-09,0.9182569689564737,0.7496695600245036,0
2020-04-10,1.0644075908198745,0.17788218692365987,1
2020-04-11,-0.671135188286858,0.3568718462371314,0
2020-04-12,0.6999066312416619,0.9841091182615932,0
2020-04-13,0.8237461158947291,0.24417964294350436,1
2020-04-14,-0.2303731134652985,0.499750666020504,0
2020-04-15,1.3295675515851342,0.7961975773694953,0
2020-04-16,0.1029698210061393,0.2568512862417639,1
2020-04-17,-1.5500204814630225,0.647370328332722,0
2020-04-18,-0.7505899640439259,0.911643370494186,0
2020-04-19,-1.6572678883648166,0.45905513212818505,1
2020-04-20,-0.6912320359300204,0.7105327815643934,0
2020-04-21,-0.24967585628426037,0.6375406923666529,0
2020-04-22,0.11084671972754087,0.4339721887423307,0
2020-04-23,0.9022964935383632,0.6037000206962104,0
2020-04-24,0.02405583016021604,0.5280446689609946,1
2020-04-25,-0.7972746909327862,0.20679065202584157,0
2020-04-26,-0.28746923464035296,0.9757732644935316,1
2020-04-27,-0.8644026946359686,0.12953932962565418,0
2020-04-28,-2.0112571287234604,0.08636111204458252,0
2020-04-29,0.08759910379229066,0.01675347672571803,0
2020-04-30,0.052238916874298186,0.5036115300071594,0
2020-05-01,-1.1705877382121195,0.7448931907157605,1
2020-05-02,-0.7517117475450155,0.5151172793176816,0
2020-05-03,0.06913916045723921,0.7577092480831567,0
2020-05-04,0.16519126607608006,0.1679734694088183,0
2020-05-05,1.1534290243092764,0.848434116474024,1
2020-05-06,0.24100154049390038,0.18123787971312344,0
2020-05-07,1.3529894903836115,0.7585505771449802,0
2020-05-08,-0.3155341354413388,0.6758749835505601,0
2020-05-09,1.6922047264608078,0.7108276035181238,0
2020-05-10,1.8608709971897268,0.19844295884713647,0
2020-05-11,0.8981009932378035,0.3797976324705642,1
2020-05-12,0.1615033407979834,0.6448329964181511,0
2020-05-13,0.5607588337389476,0.07590430885975918,1
2020-05-14,-0.5576565783276581,0.9939597190825513,0
2020-05-15,0.8388948144028329,0.09169893464293355,0
2020-05-16,0.7124064819436315,0.8595629324602357,0
2020-05-17,2.4663804542186645,0.8091293680533368,1
2020-05-18,-0.6946910995953928,0.5893112794928898,1
2020-05-19,0.4752818588094311,0.8205033487556269,0
2020-05-20,1.9503217415216658,0.016187273945694303,0
2020-05-21,-0.03824394520832719,0.9519015157301208,0
2020-05-22,1.1842065438023437,0.49196970208728397,0
2020-05-23,0.44240027063559945,0.5565689428166046,1
2020-05-24,1.4525479709683293,0.5639795217325564,0
2020-05-25,-1.548154374740004,0.0323697561268903,0
2020-05-26,-0.21917565762291405,0.34867425672283203,0
2020-05-27,-1.1183078730130713,0.593196334706881,0
2020-05-28,-0.41539589336902283,0.11293596321352439,1
2020-05-29,1.079657754383746,0.8505902572324348,0
2020-05-30,0.9971817685062063,0.7608746511760996,1
2020-05-31,1.1958332694298535,0.04419335697429605,0
2020-06-01,1.2243643585419275,0.7073776075538097,1
2020-06-02,-1.795953875072309,0.6109222906537602,0
2020-06-03,0.20154374236030403,0.6708213019780019,0
2020-06-04,-0.8304184851857701,0.6595191249977691,0
2020-06-05,0.026677354439645157,0.028333681622473295,0
2020-06-06,-2.0551549794163906,0.5224071946559707,0
2020-06-07,-1.1541904080821381,0.31277512274949526,0
2020-06-08,0.7740333993730646,0.44640763239333814,0
2020-06-09,0.08949810642716625,0.9426753952532609,0
2020-06-10,0.0510619080366391,0.6609681662855054,0
2020-06-11,0.24627821755281623,0.0174043218756178,1
2020-06-12,0.23677058953264096,0.5675028587755013,0
2020-06-13,0.9155408735263629,0.7179136666926029,0
2020-06-14,0.47588843660664726,0.7380200654897715,0
2020-06-15,-2.3994538093029423,0.2826892494724199,0
2020-06-16,-0.9546203674847427,0.06268373722565257,0
2020-06-17,-2.6715742465468915,0.22226949618328362,0
2020-06-18,-1.3473402398824452,0.695803958914036,0
2020-06-19,-1.0214797537799827,0.743688639027419,0
2020-06-20,1.7430820379702907,0.36770700029050807,0
2020-06-21,1.9836258724331564,0.20011329447763682,0
2020-06-22,0.8823161523824843,0.889404465270453,0
2020-06-23,0.5792172557067119,0.6776063159048683,0
2020-06-24,-0.18489775402882344,0.5991131021215571,0
2020-06-25,1.391792507352103,0.7118322595879277,0
2020-06-26,1.006493414213223,0.024060118156186028,0
2020-06-27,0.9372860313727974,0.8556879667161736,0
2020-06-28,0.8776033851451365,0.552363362091227,0
2020-06-29,0.9967925272467523,0.4504470996590142,0
2020-06-30,0.5040180132568004,0.018694166514914512,1
2020-07-01,-0.5760911308767851,0.34886665277468043,1
2020-07-02,1.8609580509767343,0.5538920364527958,1
2020-07-03,1.2723804830731287,0.10077228281527029,0
2020-07-04,0.4281508804957182,0.5417852412511404,0
2020-07-05,-0.18657707903097265,0.8118009372396245,0
2020-07-06,-0.8836101650328146,0.40912880215929004,0
2020-07-07,0.37010383492247584,0.8191817163488639,0
2020-07-08,-0.7865961410475516,0.9822701587946627,0
2020-07-09,-0.5430788375618791,0.431329147683599,0
2020-07-10,0.3795763592344583,0.747620785379393,0
2020-07-11,0.06314415807299432,0.49975431635692924,0
2020-07-12,-2.2098510074402706,0.3987376693154815,0
2020-07-13,-2.1528505056672915,0.41864626137012617,0
2020-07-14,-1.0783949081949011,0.39053849358700365,1
2020-07-15,0.19974644303744254,0.19855546637868116,1
2020-07-16,1.3979597590517736,0.6542016526165721,0
2020-07-17,-1.921713842324166,0.40546490098771226,1
2020-07-18,-0.25585887464943746,0.16356978191414973,0
2020-07-19,-0.394413034842254,0.4928237300810274,0
2020-07-20,0.9558866696324003,0.0799375649096018,0
2020-07-21,1.6013095415932628,0.17855701967505921,0
2020-07-22,0.33822908045794947,0.5820963191130268,0
2020-07-23,-2.6374887352533163,0.9317462278571371,0
2020-07-24,1.3625632794376483,0.1086042487152532,0
2020-07-25,-1.316539161633683,0.21579686280148924,0
2020-07-26,-1.4243302464731393,0.25227262453613886,0
2020-07-27,1.630187374495296,0.33281842435043696,0
2020-07-28,-0.4841074971512988,0.9830561382850578,0
2020-07-29,-0.7278677294543215,0.49470755406756717,0
2020-07-30,-0.5778786175417059,0.6701910565936152,0
2020-07-31,-0.8599672031366611,0.21144879400019223,0
2020-08-01,0.9549611338482724,0.6777019300611802,1
2020-08-02,-0.5327243993985937,0.7993633659206378,0
2020-08-03,0.06595662171192118,0.6554195771056275,0
2020-08-04,-1.328449430870134,0.06891905734461856,0
2020-08-05,1.5036317989553374,0.7989187922841441,0
2020-08-06,2.023998020843913,0.6470250883189347,0
2020-08-07,-0.26428819946879634,0.2686998896672286,0
2020-08-08,0.19671260261466303,0.016284550620134897,0
2020-08-09,-1.9675583672633832,0.5206666624245133,0
2020-08-10,0.4308197617159374,0.3680848490067722,0
2020-08-11,-0.13822946556257312,0.2713376673887583,0
2020-08-12,0.8400600749247151,0.11672863430139002,0
2020-08-13,-0.9639380911681869,0.7573563906147215,1
2020-08-14,-0.6164537954283168,0.7925908863518616,0
2020-08-15,-0.7143024506105293,0.6033809452905855,0
2020-08-16,2.7073961787718765,0.5804600729250867,0
2020-08-17,0.02909173401318046,0.18284647477150506,0
2020-08-18,1.0764366904415794,0.734277336584668,1
2020-08-19,1.1593326987139883,0.3117972505901633,1
2020-08-20,0.5617378257569872,0.2976356412703134,0
2020-08-21,1.766537673486618,0.3023579804150217,1
2020-08-22,0.5185681810417029,0.4534715554830485,0
2020-08-23,-1.945513208315797,0.4399210623373211,1
2020-08-24,-1.4369799066622528,0.6547853535929389,0
2020-08-25,0.29664054963975645,0.11314281992845188,0
2020-08-26,1.4844277591570538,0.6868444010838926,0
2020-08-27,2.1050456641461204,0.8746459642464399,1
2020-08-28,1.5994433616796078,0.9770494742800867,0
2020-08-29,-0.862621863726118,0.4216280236683322,0
2020-08-30,-0.6906340090423473,0.299464988144555,0
2020-08-31,-0.39191761311451384,0.794208301921536,0
2020-09-01,-0.9671489459299226,0.20740701583267074,0
2020-09-02,-1.9356521699560358,0.05938638137463359,0
2020-09-03,1.161225614732108,0.9114458023496483,0
2020-09-04,1.125420685731224,0.8427853620440481,1
2020-09-05,-0.37404294851127273,0.22794799601232574,0
2020-09-06,0.8791375712948009,0.21343429686466786,0
2020-09-07,-1.3154207069758224,0.6066429668936815,0
2020-09-08,1.3647570004493357,0.98785107268109,0
2020-09-09,0.8802845975625371,0.7751421134706291,0
2020-09-10,-0.7427258551855404,0.27196853970044255,0
2020-09-11,-0.02107743169558264,0.8220540040909299,0
2020-09-12,-0.6291104769828266,0.4887919441181786,0
2020-09-13,-1.4123675200878436,0.38591601004565,0
2020-09-14,0.46331531566616624,0.7536169029676081,0
2020-09-15,0.5290567347982592,0.42288504363679835,0
2020-09-16,0.11200375242228243,0.87421629894204,0
2020-09-17,-0.3259035568949081,0.28544579068596987,0
2020-09-18,1.8686663243078203,0.09294009192558017,0
2020-09-19,1.1586901034414172,0.33826949458039435,0
2020-09-20,-0.04836061695477638,0.87535997441984,1
2020-09-21,-1.355052778872669,0.0943771368130818,0
2020-09-22,0.930000087044731,0.2181509963139081,0
2020-09-23,-0.8072529451852526,0.07711647239854869,1
2020-09-24,1.2902243113623773,0.8547290374153093,0
2020-09-25,0.23989945017213965,0.12523268858135927,0
2020-09-26,-1.0564906838134671,0.8956985771546033,0
2020-09-27,0.5611753759531746,0.27466261673714154,0
2020-09-28,-2.4486641153214252,0.2413358171369212,0
2020-09-29,0.3772006601679628,0.26490022214747533,0
2020-09-30,0.5944793627994883,0.4159602934561103,0
2020-10-01,1.2752865820294659,0.14237973114218538,1
2020-10-02,0.3143301759446433,0.37242174931162964,1
2020-10-03,0.4109955477455433,0.9193130538121093,0
2020-10-04,-0.5923338760208731,0.4049327661741524,0
2020-10-05,0.13341666996577367,0.7872336917048934,0
2020-10-06,-0.010863931407582362,0.04460720615683922,0
2020-10-07,0.16521766131906715,0.34582995533679595,0
2020-10-08,-1.2746964476098963,0.030334572824568085,1
2020-10-09,1.737050630562036,0.42308424623412744,0
2020-10-10,-0.16976276280014957,0.8512767271345765,0
2020-10-11,-0.17101551353823893,0.3083998846219249,1
2020-10-12,0.899548608909513,0.33619505931186155,0
2020-10-13,-0.14576561681200104,0.7657488283981172,1
2020-10-14,1.027032739265434,0.9597761740457462,0
2020-10-15,0.5610098494036535,0.4900044756306504,0
2020-10-16,1.0915293155242398,0.15171583902076868,1
2020-10-17,0.3310253261164374,0.1463895968138288,0
2020-10-18,1.4625433503270462,0.8419272032494396,0
2020-10-19,0.6211848827210762,0.8392768629449403,0
2020-10-20,0.8018016663958679,0.1531307630313794,0
2020-10-21,0.9400507994463747,0.9375714198258355,0
2020-10-22,1.067237531089594,0.42520962607885826,0
2020-10-23,-0.6594508312209885,0.30289855733066295,1
2020-10-24,0.14103969303476613,0.6493417802407173,0
2020-10-25,0.9986600992960196,0.21745153849838772,0
2020-10-26,-0.10365407748363192,0.154658912947939,0
2020-10-27,0.04293420206225531,0.6346680014407254,0
2020-10-28,-1.4334107685502442,0.05836626112330512,0
2020-10-29,1.873352343010888,0.7820692346493715,0
2020-10-30,0.2365205957711271,0.22624549531718618,0
2020-10-31,-1.0245976943952737,0.372272530874604,0
2020-11-01,-1.5662116681886058,0.7076142904433739,1
2020-11-02,-1.153181272251936,0.15441081671332124,0
2020-11-03,-0.44687457184785734,0.2545230940933588,0
2020-11-04,0.4132200706518993,0.6631785126953353,0
2020-11-05,-1.3802387666484444,0.6909592592054301,0
2020-11-06,-0.08386576756310375,0.8601364245336159,0
2020-11-07,-0.4678877615696586,0.2083056652066615,0
2020-11-08,2.5055983213665445,0.6957904596610518,0
2020-11-09,-0.17905086269106685,0.30286501440249847,0
2020-11-10,0.6820926809226785,0.10378194382990424,0
2020-11-11,1.3779809962337417,0.4931550136431265,0
2020-11-12,1.298480573324784,0.7321842326918503,0
2020-11-13,-0.6222251935470174,0.012877371501141655,0
2020-11-14,0.787066144446177,0.513071821186663,0
2020-11-15,-0.3595021002378341,0.9044577288911668,0
2020-11-16,-0.33311423471833185,0.04475273264105506,0
2020-11-17,0.3487494592295887,0.39988785687956785,0
2020-11-18,0.12900097096502222,0.7426865337628727,0
2020-11-19,1.3526630802346027,0.18840879529245347,0
2020-11-20,1.7044764067992044,0.9552747818035258,0
2020-11-21,1.1782721343134464,0.9225613394697806,0
2020-11-22,-1.4915696854884213,0.3834349173039169,0
2020-11-23,0.8444465050637247,0.5065636922722943,0
2020-11-24,0.6508520803917797,0.38025326369237944,0
2020-11-25,-0.1677198495041091,0.6998637423058023,1
2020-11-26,-0.086513076516914,0.21139380505793082,0
2020-11-27,0.5965212591671816,0.27139541890947483,0
2020-11-28,-1.0511927736799571,0.9629856824667516,0
2020-11-29,0.9573315510811854,0.9751162480945877,0
2020-11-30,-0.5354140951365962,0.5318931878446738,0
2020-12-01,0.40823571752588,0.8122891649253334,0
2020-12-02,0.1846228011717653,0.7543274541942528,0
2020-12-03,0.08837296233424863,0.4152511101516162,0
2020-12-04,0.8017363630004931,0.5407115115965676,0
2020-12-05,-0.3106734407107415,0.9173584129303296,0
2020-12-06,0.7365371207890719,0.7652493995711991,0
2020-12-07,1.9320826588455924,0.51032968366385,1
2020-12-08,0.19508083420816305,0.31611487820514195,0
2020-12-09,-0.6726936459624725,0.08673317707465822,0
2020-12-10,0.2454679674816985,0.7605182090939332,0
2020-12-11,-0.7678215788324818,0.15863000690826023,0
2020-12-12,0.4566825412282257,0.27750729355604586,0
2020-12-13,-0.39780619811532564,0.7387487129706085,1
2020-12-14,-0.41350291533100453,0.09063142944724356,0
2020-12-15,-0.6032919888651859,0.6825082978267266,0
2020-12-16,0.543067518185061,0.3411377842239961,0
2020-12-17,0.8427421485594757,0.9963345724938489,0
2020-12-18,-0.24425379501934538,0.755212284327726,1
2020-12-19,-0.11950174111173599,0.10993273987538232,0
2020-12-20,-0.9730096340755141,0.8276329664780764,1
2020-12-21,0.056734978153910834,0.29659262131524755,0
2020-12-22,-0.16843830719330052,0.48515296077710734,1
2020-12-23,-0.742385829294138,0.17433706033946694,0
2020-12-24,-0.654241003653353,0.6449287581129054,0
2020-12-25,0.13023350360046282,0.3900498385534975,0
2020-12-26,-0.20045907686460743,0.5559257721085469,0
2020-12-27,-0.370248239841832,0.6775912415888148,0
2020-12-28,-1.0854114808476736,0.11588603570927902,0
2020-12-29,-0.3171546137413786,0.9799572418541503,0
2020-12-30,3.1148264668996344,0.9490385800151323,0
2020-12-31,1.9118182024458155,0.3378166248584795,1
2021-01-01,-0.403175431126188,0.07556281751682492,0
2021-01-02,-0.8329333016961067,0.3578131536797109,0
2021-01-03,0.33474218108305304,0.37378859960751554,0
2021-01-04,0.43543807040546956,0.4294699769795082,0
2021-01-05,0.3913039683073851,0.7164268542637114,0
2021-01-06,0.5924270079561559,0.10656118810248028,0
2021-01-07,0.12806391359185604,0.9404254389274882,1
2021-01-08,-0.15113731297539504,0.1923347399516141,0
2021-01-09,-0.6046392946020602,0.6221053787661251,0
2021-01-10,1.0237848685257995,0.5270518916375131,0
2021-01-11,-1.0156338199075687,0.9585350517148877,0
2021-01-12,-0.9186260066178819,0.16366071525265646,0
2021-01-13,-0.889639944640184,0.9254180269099687,0
2021-01-14,-0.42188605357132775,0.43302717107039235,0
2021-01-15,0.4317981322893371,0.3749408274863568,0
2021-01-16,0.6954090576964352,0.7212075832246649,0
2021-01-17,-0.20662238142592976,0.9163428795219868,1
2021-01-18,0.8638424425539828,0.7367200422678795,0
2021-01-19,-0.7084939715438554,0.24560751643312195,0
2021-01-20,-0.03984853798504501,0.0758628185896264,0
2021-01-21,-1.5631198709393057,0.5824378995814173,0
2021-01-22,1.4200769332731902,0.2561364953197103,0
2021-01-23,0.32298536340900874,0.7012534423873343,0
2021-01-24,-1.4800400349500886,0.7333801814611017,0
2021-01-25,-0.024654167740571158,0.6413601929907143,0
2021-01-26,0.8785875407930328,0.7406356660705303,1
2021-01-27,-0.26832379802146483,0.5559183786754979,0
2021-01-28,-0.8696349630165595,0.8174365127636322,0
2021-01-29,0.27115259693505195,0.3108203502766459,0
2021-01-30,-0.06621419457694375,0.7951988764717296,0
2021-01-31,1.9383444650768655,0.9262209873374816,1
2021-02-01,0.5574710502987319,0.9703884776147914,0
2021-02-02,-0.9939101301460855,0.22295751908079187,0
2021-02-03,0.41318987568580184,0.33098750539102395,0
2021-02-04,-1.310292106471233,0.3607718499814325,0
2021-02-05,-0.32300531142134464,0.4800114136058019,0
2021-02-06,-0.027136259162875834,0.10400315853636855,0
2021-02-07,-0.8649409240838534,0.5883921923532096,0
2021-02-08,-0.8224741167754397,0.6182854411636357,0
2021-02-09,-0.7399192248877885,0.9885680939878136,0
2021-02-10,1.2672507870256466,0.3302744487705783,1
2021-02-11,-2.000816455130263,0.25474558010102344,0
2021-02-12,1.3755465607342858,0.19898868885783616,1
2021-02-13,-0.901627161974466,0.7697249271319908,0
2021-02-14,-1.8401729955780144,0.9547744898708368,0
2021-02-15,-0.2137143719810298,0.6505500656750148,0
2021-02-16,1.9850842739009429,0.2817320236056803,0
2021-02-17,1.9769148645086025,0.004749719133926522,0
2021-02-18,-1.2188690630157244,0.7229556028705707,0
2021-02-19,1.3330414547109524,0.10017874251170533,0
2021-02-20,1.046114432545158,0.16571966329265497,1
2021-02-21,-0.9211406387495998,0.4025431951115085,0
2021-02-22,-0.6582404020342844,0.6406101956703466,0
2021-02-23,-0.6044402533091365,0.9146372328553275,0
2021-02-24,-0.1501869878584047,0.29367805813264947,1
2021-02-25,0.058466974412876134,0.2623623658248123,0
2021-02-26,2.4327596994302256,0.5327691109050706,0
2021-02-27,0.5410792386006392,0.4203223295387869,1
2021-02-28,1.8732384167175031,0.04144499386428668,0
2021-03-01,0.8614314867345118,0.9597885698543382,0
2021-03-02,0.6354878824771212,0.3918811994484813,0
2021-03-03,-0.4558738543745948,0.4655690027228191,0
2021-03-04,-2.631211117409223,0.849835441011072,0
2021-03-05,1.6191885358607803,0.9914223779686979,0
2021-03-06,0.9987059355301255,0.9479371829128534,0
2021-03-07,2.4464794242796737,0.05806624508892544,0
2021-03-08,-0.054044002369730615,0.6944709693948512,0
2021-03-09,0.6873937412124598,0.6393670124509951,0
2021-03-10,0.7623455191401374,0.39509114870579043,1
2021-03-11,-1.0233949766887307,0.3300794921268614,0
2021-03-12,1.9314911948927287,0.6807078417563162,0
2021-03-13,-0.18899151162422267,0.715573341386147,1
2021-03-14,0.30307714451290896,0.44359305581017316,1
2021-03-15,-0.8725019411890437,0.947585825287719,0
2021-03-16,-0.3815936444986825,0.15368629043929738,0
2021-03-17,-1.520708474991186,0.9391095546176572,0
2021-03-18,0.5985263261740873,0.7656103563288632,0
2021-03-19,0.7076200903458028,0.2596327038756564,0
2021-03-20,-1.0428271868554024,0.9093352386420221,0
2021-03-21,-0.40930144559964765,0.874310727892668,0
2021-03-22,-0.24304835670609226,0.2516950422980788,0
2021-03-23,0.1735643185739654,0.4517867192580103,0
2021-03-24,-1.4239235709478089,0.3531830432219949,0
2021-03-25,0.4613442401667723,0.017853921744712453,0
2021-03-26,-1.2554768390295998,0.12307215023427931,0
2021-03-27,-1.7452280757932384,0.13173236567130753,0
2021-03-28,-0.4613901677411583,0.5513027850472176,0
2021-03-29,0.015402198589466431,0.15841280262335833,0
2021-03-30,0.32235046022744773,0.5415706108225011,0
2021-03-31,2.085237854775099,0.29038757324368913,0
2021-04-01,0.13534629604227325,0.7546655633801402,0
2021-04-02,0.23516727862338346,0.9552128420449115,0
2021-04-03,0.4884554306279054,0.32313682278277744,0
2021-04-04,0.9081719776338154,0.6458487395119541,0
2021-04-05,-2.2612594182561883,0.07252486342285624,1
2021-04-06,0.15770903506627626,0.7208139727696209,0
2021-04-07,-1.1654292360057092,0.4591004018568058,0
2021-04-08,0.7805535656073577,0.3403562548635308,0
2021-04-09,0.807565897333421,0.7763561572282557,0
2021-04-10,-0.2695479426154823,0.08461618528731751,0
2021-04-11,-2.168929936264853,0.5857174785702769,1
2021-04-12,-1.0789791247267466,0.3129953506486509,0
2021-04-13,0.4676592344813397,0.2571225633437052,0
2021-04-14,0.07873740598512452,0.011838852030620517,0
2021-04-15,1.3445423075595462,0.475973489252971,0
2021-04-16,-0.3994256654474682,0.685755593163811,0
2021-04-17,0.3299494938511541,0.5239752956172733,0
2021-04-18,-1.5760022987950275,0.7066043466566042,0
2021-04-19,0.34661412408940684,0.1467333259759519,1
2021-04-20,-0.21207431822292955,0.7154145633615527,0
2021-04-21,-0.8755293777633683,0.23515863921312452,1
2021-04-22,-0.558581159305494,0.9803658368762131,0
2021-04-23,-1.316633518823039,0.6480852025721302,0
2021-04-24,-0.3163511265784646,0.5194824226577794,0
2021-04-25,1.8344177870933114,0.2684575690932367,0
2021-04-26,-1.1124133618122491,0.34637815183909204,0
2021-04-27,-0.6110720763021067,0.5469645127883932,0
2021-04-28,1.0015950429958569,0.7001888972545349,0
2021-04-29,-0.5977260088672972,0.778957887386176,1
2021-04-30,0.5531484855918429,0.8521538199370008,1
2021-05-01,1.656564325291751,0.9830454199513975,0
2021-05-02,-0.9311297620710931,0.7818079200774535,0
2021-05-03,-0.8483256990352144,0.8740571112683194,0
2021-05-04,-0.7710504084719197,0.7365988129363443,0
2021-05-05,-1.8154062589890263,0.4291852264720225,0
2021-05-06,0.1549384177191422,0.3545805935796805,0
2021-05-07,-0.9098213546949052,0.39126343142266284,1
2021-05-08,0.5240091106452025,0.3971944795879331,0
2021-05-09,-0.8767670317410781,0.29685600981536175,0
2021-05-10,-1.137847506091878,0.883215898842151,1
2021-05-11,-0.008218952499679013,0.11961540578211083,1
2021-05-12,0.2438924344703595,0.5305742194980371,0
2021-05-13,1.2476890629486637,0.7844607800527867,0
2021-05-14,-0.825006344556634,0.7225820846161208,0
2021-05-15,-0.9360344126445443,0.22414291219241056,0
2021-05-16,-0.5752528548900209,0.16657572924257813,0
2021-05-17,1.5068588679828545,0.1867483561774198,0
2021-05-18,0.5664432892857287,0.969971866589351,0
2021-05-19,-1.1020732749204984,0.9542333990266606,0
2021-05-20,-1.0219323451142281,0.04233850987728338,1
2021-05-21,1.9306073856033878,0.17916416689474912,0
2021-05-22,1.2894678003683602,0.39663169414634303,1
2021-05-23,-1.2165765129098243,0.1419508539245692,0
2021-05-24,-0.9296947439251847,0.48855248983907684,0
2021-05-25,0.41783689725802536,0.23463425643500624,0
2021-05-26,1.0849521079120445,0.7664813625051461,0
2021-05-27,-1.5187605960290886,0.964089457014308,0
2021-05-28,-1.0817312024165047,0.8578868642676176,0
2021-05-29,0.452476763052179,0.15473885979932311,0
2021-05-30,-0.5521054753825405,0.06677205868418568,0
2021-05-31,-0.6324459574185406,0.5879627107532017,0
2021-06-01,-0.8176337624981754,0.9945221242181376,0
2021-06-02,-0.21306717133589972,0.5983571805456376,0
2021-06-03,-0.18558391398577576,0.2899435461400054,0
2021-06-04,-1.0947140815155856,0.2406717517717899,0
2021-06-05,-0.1647673935522912,0.5084261215623093,1
2021-06-06,0.9768213866979893,0.579097663607699,0
2021-06-07,-0.028606749665570287,0.22098111073621884,0
2021-06-08,0.4047990459205642,0.32872118525684824,0
2021-06-09,-0.5554923586831607,0.416883092306202,0
2021-06-10,-1.5436178236583256,0.6923903584822289,1
2021-06-11,1.5537998769954644,0.5761019758813958,0
2021-06-12,0.27814332623204363,0.5091816292515066,0
2021-06-13,1.8579196050709168,0.38430708505744604,0
2021-06-14,1.6002182663610154,0.10107124453081884,0
2021-06-15,-1.8062995115598113,0.4200476807293886,1
2021-06-16,0.6385164357793133,0.10611551708569222,0
2021-06-17,-0.6181296145216062,0.08600505713499962,1
2021-06-18,-0.7077169663477234,0.9324612127382538,1
2021-06-19,0.2841105556997367,0.9151710079834937,1
2021-06-20,0.9175633053614224,0.7423836932661836,0
2021-06-21,-0.02416036037044458,0.897847619773915,0
2021-06-22,-0.5175211789323421,0.3377165361416833,0
2021-06-23,1.1525040509476903,0.6220740022417085,1
2021-06-24,0.07003298381134866,0.27509975351865157,0
2021-06-25,0.32840843062143327,0.062342590889148286,0
2021-06-26,0.9258336557058285,0.6225365816294584,0
2021-06-27,-3.0200651724440357,0.272012956006639,1
2021-06-28,0.7993006561718138,0.015658277259138598,0
2021-06-29,0.5516392735188747,0.31626622096406465,0
2021-06-30,-0.2179026618206752,0.5699920968878616,1
2021-07-01,-0.15685887817989616,0.5239360401690968,0
2021-07-02,0.9132958581455611,0.27897179859879806,0
2021-07-03,-0.5943129386224945,0.6867262850705463,0
2021-07-04,-0.29471111383389825,0.3000220590996885,0
2021-07-05,1.0465853482550764,0.14669399369046254,0
2021-07-06,0.01772157895525314,0.2866329581728211,0
2021-07-07,-0.6795987743349529,0.3401533963872978,0
2021-07-08,-1.006571075351142,0.6814135322032221,0
2021-07-09,1.738924665093785,0.8313545308128498,1
2021-07-10,0.10663814776138848,0.3539104920195033,0
2021-07-11,-0.16775896588742217,0.8580403110183793,0
2021-07-12,2.5511148662464453,0.7722811401815509,0
2021-07-13,-1.6596469737068964,0.6152054934545352,1
2021-07-14,0.5540389594432036,0.0347534882142454,1
2021-07-15,0.2309733718875082,0.6268888670619605,0
2021-07-16,-1.583874541354025,0.6757303350362351,1
2021-07-17,-0.04416591699596239,0.20001500511149917,0
2021-07-18,1.0218028960381673,0.870020167906593,0
2021-07-19,1.848823400863675,0.6507564360439844,0
2021-07-20,1.0545069314407782,0.35501753630690414,0
2021-07-21,0.19430500548881985,0.3490810195141004,0
2021-07-22,1.5118663458155737,0.5675133300623124,0
2021-07-23,0.5963993834380409,0.020154349599136312,0
2021-07-24,-0.39598206560099153,0.12272224776319596,0
2021-07-25,-0.14488117519923596,0.6304427130378519,0
2021-07-26,1.036891433652371,0.5593237048674615,0
2021-07-27,-0.44551341679676043,0.7060918516806169,1
2021-07-28,0.4761559813754697,0.47013733026656,0
2021-07-29,-0.43407248971651063,0.3483303799928954,1
2021-07-30,0.8207635341039072,0.3158204752136937,0
2021-07-31,1.5153614166350413,0.6846284736783669,0
2021-08-01,0.2601821418143816,0.4613702968998532,1
2021-08-02,-0.2987042672977614,0.5139560361380274,0
2021-08-03,-0.7407094977747157,0.014362323103184416,0
2021-08-04,-0.91060422359925,0.12201641926510343,0
2021-08-05,-0.7600339737934482,0.7605024702056827,0
2021-08-06,-1.6384193823462512,0.776744044099497,0
2021-08-07,-0.5156136837025146,0.7751707993141761,0
2021-08-08,-1.2192214326164714,0.2521400529325636,0
2021-08-09,-1.8000994198760947,0.49508829012960387,0
2021-08-10,1.4186796245527844,0.05536742033835229,0
2021-08-11,0.5069737833775392,0.372611627018407,0
2021-08-12,1.0176280844139507,0.508103092393314,0
2021-08-13,0.8230608876371536,0.3169534709902806,1
2021-08-14,-0.6571956681600105,0.48668780473366646,0
2021-08-15,0.05047168768586862,0.9791572459367993,0
2021-08-16,-0.998423518430679,0.2940953667683939,1
2021-08-17,-1.5177704108945458,0.31464207563064883,0
2021-08-18,-0.01277496044892441,0.33222099990376863,0
2021-08-19,-0.2879765862394608,0.9828083186707682,1
2021-08-20,0.4127374235360089,0.9461712325705613,0
2021-08-21,0.31731551916410783,0.13247850262481675,0
2021-08-22,-0.039742400938377005,0.24891136787062773,0
2021-08-23,0.37262707924589494,0.8354490010101254,0
2021-08-24,0.35746032375327536,0.1087038394611961,0
2021-08-25,0.37558747388320457,0.12777983541112936,0
2021-08-26,-1.086455413629029,0.7993466209779195,0
2021-08-27,0.3306392306019363,0.02673955863918487,0
2021-08-28,-1.1781247434755668,0.28350408674457217,0
2021-08-29,0.6268511267490158,0.9973599160317931,0
2021-08-30,-0.2632331670358394,0.6476594749301643,0
2021-08-31,0.12718014787699555,0.9241935428339071,0
2021-09-01,-0.15513295833385546,0.38751229677385524,0
2021-09-02,0.06014494617979148,0.08498399249079414,0
2021-09-03,-1.4740573466048088,0.49465739864494107,0
2021-09-04,2.061660633771881,0.3411497607441436,0
2021-09-05,-1.135849580445473,0.187960475118924,0
2021-09-06,-0.506217959260236,0.7571701413727788,0
2021-09-07,-0.6010019110938206,0.11812549216624768,0
2021-09-08,-0.06407313596063591,0.4925908480796687,1
2021-09-09,-0.12750851593894086,0.8387599870555813,0
2021-09-10,-1.5878801148343982,0.1882249850798844,0
2021-09-11,-0.8769002475506482,0.4514450335180026,0
2021-09-12,0.2569925381268654,0.44846330791745825,0
2021-09-13,-0.12119837618233002,0.9260019515810076,0
2021-09-14,-1.6702518059429412,0.3022375104513041,0
2021-09-15,-0.3106313352947317,0.8732740280630955,0
2021-09-16,-0.3414700345817823,0.6791417025707102,0
2021-09-17,0.6240909433511102,0.7190850119861574,0
2021-09-18,-0.7767120595975022,0.14603656575329138,0
2021-09-19,-1.5177857994641857,0.9275658986242945,0
2021-09-20,0.6542057347707241,0.14021119325209308,0
2021-09-21,-0.6642807358164212,0.23289978705131387,0
2021-09-22,-0.8472665222167489,0.3451945031683906,0
2021-09-23,0.4095597817218623,0.03867260361613123,0
2021-09-24,0.7922393262920788,0.1651689147112977,0
2021-09-25,-0.15033227116780223,0.5071149758387458,0
2021-09-26,0.09970214087818538,0.8470461947170341,1
2021-09-27,0.17603150110181512,0.09235991009577071,0
2021-09-28,0.3502603341902659,0.11792082257593428,1
2021-09-29,0.09570426399785675,0.15554228923103453,0
2021-09-30,-0.5940797766296608,0.15248206690002875,0
2021-10-01,0.30751050725979384,0.7853700885529075,0
2021-10-02,-1.1707330836668999,0.06629354942683907,0
2021-10-03,0.0777067601066581,0.75715283670384,0
2021-10-04,-0.6150192832956146,0.24428791537413608,0
2021-10-05,-0.08415277346267037,0.3667836596381998,1
2021-10-06,-1.129404989251939,0.4441964989864561,1
2021-10-07,1.4195266231713841,0.9620254317142832,0
2021-10-08,1.2890472340745494,0.9142759459133252,0
2021-10-09,0.8781474454148607,0.6966529235545763,0
2021-10-10,-0.33251148400608416,0.1492985521128073,1
2021-10-11,-0.8275599498651004,0.6899683889764388,1
2021-10-12,1.4333565238614954,0.3569128763009982,0
2021-10-13,0.6386685855913137,0.024904948866850796,0
2021-10-14,1.149622267293443,0.7569224354666605,0
2021-10-15,-1.3589564487871244,0.18302775674569494,0
2021-10-16,1.2078319839038603,0.1557084331298354,0
2021-10-17,0.06613395061568209,0.09231476847232012,0
2021-10-18,0.24716950373619698,0.2569584161885652,0
2021-10-19,0.6431237954190983,0.6928701163758113,1
2021-10-20,0.9153978367489816,0.9774266094077853,0
2021-10-21,0.02079576470507337,0.617792693699133,0
2021-10-22,1.1341480740807939,0.7270189588717552,1
2021-10-23,1.2048318493646608,0.009875995313489039,0
2021-10-24,2.112570293552038,0.7320384866573894,0
2021-10-25,2.251880420892508,0.3993789520314609,0
2021-10-26,0.24973599638020108,0.9583403886401893,0
2021-10-27,-1.0784139796639278,0.04469592922559085,0
2021-10-28,1.6013592257550768,0.48820768802599557,0
2021-10-29,-0.8286797930956119,0.15194846068562118,0
2021-10-30,-0.5468245405873218,0.7741308409016888,1
2021-10-31,0.6222480556347955,0.4643878308004148,1
2021-11-01,0.6964708870424913,0.6702997126024498,0
2021-11-02,-0.927795076467328,0.93644708785884,0
2021-11-03,-0.9167265048724188,0.8054896047130159,0
2021-11-04,0.8026070273270637,0.05859327116445612,1
2021-11-05,-1.1282236153921525,0.12665770214346128,0
2021-11-06,1.3814440435632842,0.06796870354094031,0
2021-11-07,-0.1922556793799343,0.3914187064435566,0
2021-11-08,0.2231884005327197,0.24513163101917124,0
2021-11-09,0.5619556697055399,0.9661973768084847,0
2021-11-10,-1.0911109202635685,0.012716371177210473,1
2021-11-11,-0.8987052063673973,0.09541043977493002,0
2021-11-12,0.1966102921170186,0.2767827042885237,0
2021-11-13,-0.42042926300547545,0.9329042787289646,0
2021-11-14,0.7560036484260778,0.24941665345962538,0
2021-11-15,-1.1408918303225692,0.3664429966020567,0
2021-11-16,-0.23895262842733725,0.27254618348414605,0
2021-11-17,1.7111714808965939,0.5322282343671749,0
2021-11-18,-1.0199200418572827,0.02749874639158989,0
2021-11-19,1.661326834049617,0.07786402650295932,1
2021-11-20,-0.1383924657339443,0.13046863558463273,0
2021-11-21,-1.1587960234569,0.791357030078091,0
2021-11-22,-1.809515056278587,0.20353887292882622,1
2021-11-23,-0.8302395009948972,0.05100999775613013,0
2021-11-24,-0.5500760305745038,0.4942959696643757,0
2021-11-25,-0.6312919876563007,0.6553720239058612,0
2021-11-26,0.7766796237323752,0.1303240059544396,0
2021-11-27,1.1378112271667282,0.5507356128147805,0
2021-11-28,2.6222618537538653,0.9351487314509508,0
2021-11-29,0.5644870095317263,0.306370676971352,0
2021-11-30,-2.2146457103802337,0.8845322760244732,0
2021-12-01,0.12484275612201372,0.5241024166612638,0
2021-12-02,1.1697849233830007,0.15550701406718626,1
2021-12-03,-1.253007902716731,0.5478830988339979,0
2021-12-04,-1.2809655728514764,0.23425266997592176,1
2021-12-05,1.048879145461872,0.6967421462873868,0
2021-12-06,-0.456500121611611,0.6281979137898577,0
2021-12-07,-0.048923520812381854,0.8246868800526468,1
2021-12-08,-1.240017546991559,0.7264996645543323,0
2021-12-09,2.3216109226727055,0.6150931104474051,0
2021-12-10,0.15716872345960986,0.2096496795922561,1
2021-12-11,0.9919934582334321,0.03181403387726889,0
2021-12-12,-1.1087958983544888,0.1072054455400866,0
2021-12-13,-0.23586390395458207,0.6001842830633171,0
2021-12-14,1.6665373816355762,0.9727718011866469,0
2021-12-15,0.7606552434888839,0.5046073616368695,0
2021-12-16,-1.3280435198572709,0.8181952354517059,0
2021-12-17,0.7333484278255217,0.6215581145769635,0
2021-12-18,-1.6207349037636989,0.3994646826498395,0
2021-12-19,-0.03175753525701827,0.9241926209338388,0
2021-12-20,0.38753414966543753,0.721074307442957,0
2021-12-21,-1.3065921318869187,0.7077226135557528,0
2021-12-22,-0.23383994914521666,0.432690351535044,0
2021-12-23,-1.9126885368053645,0.21778220709385043,0
2021-12-24,-0.08657057147993169,0.5115335560383157,0
2021-12-25,0.2692618890469607,0.866864038576969,1
2021-12-26,0.5988194631497181,0.6531715748852133,0
2021-12-27,-1.0344139303416748,0.014475598285651259,0
2021-12-28,0.6852464982470912,0.4823232722299666,0
2021-12-29,0.6028602630106367,0.5891862628570436,0
2021-12-30,0.0828851536679483,0.8759630483087085,0
2021-12-31,0.8815897113330349,0.5858013778323707,0
2022-01-01,-0.5790841270328092,0.14648126310516763,0
2022-01-02,2.2478152889890946,0.922473134494311,0
2022-01-03,0.3954548336174914,0.9211235671338842,0
2022-01-04,-2.314828829159963,0.5832854929263478,0
2022-01-05,0.31751852938108954,0.234174477957393,0
2022-01-06,-1.0484159874847947,0.5064425975473158,0
2022-01-07,2.1518345011410323,0.8952213157030198,0
2022-01-08,1.217007295718036,0.05458331889362589,1
2022-01-09,-0.17717143637484192,0.7374880519997641,0
2022-01-10,0.9789335768196423,0.23454349385283024,0
2022-01-11,0.23768883589754686,0.3448792091566033,1
2022-01-12,-1.1449879296283936,0.7053325363204027,0
2022-01-13,0.5482760393244926,0.20320363467449865,0
2022-01-14,-0.4477937374817214,0.8595391007459471,1
2022-01-15,0.36564906547062637,0.27860872406917514,0
2022-01-16,1.5276653910744435,0.7594614501498623,0
2022-01-17,-0.29021296043332817,0.06488021822419598,1
2022-01-18,-1.4334043507586365,0.23574686046382998,0
2022-01-19,-1.2292987174728518,0.18628964143426152,0
2022-01-20,-0.6341689435196555,0.30805497693825,0
2022-01-21,-0.02638715497078484,0.8624709099648937,0
2022-01-22,0.0046844116553912745,0.027193814867916277,1
2022-01-23,-0.5842626482025275,0.28568371388746183,0
2022-01-24,-1.200165802343488,0.7450053659114422,0
2022-01-25,0.13779478717663457,0.7819905590749727,0
2022-01-26,-1.3721430839378064,0.060862479743495346,0
2022-01-27,-1.6941130637981956,0.2634778155288958,0
2022-01-28,-1.4466046083991337,0.8798048285505176,0
2022-01-29,0.26267926617060966,0.941323820074,0
2022-01-30,-0.9966258928840441,0.7351812884988899,0
2022-01-31,-1.1627909896060096,0.7701051115705178,0
2022-02-01,-1.4741301679163075,0.25565275300851387,0
2022-02-02,0.6056392154970618,0.9377465475465216,0
2022-02-03,-0.4630844763359464,0.021020184275549747,0
2022-02-04,1.0661751426222594,0.17074016176719742,1
2022-02-05,1.5251650422084935,0.001232935042684069,0
2022-02-06,-0.07869960291856827,0.7555301659079763,0
2022-02-07,-1.7022436488138117,0.3704407955306315,0
2022-02-08,-0.6314193049222171,0.9973861738379403,1
2022-02-09,-1.2732152150850198,0.6005535664817158,1
2022-02-10,0.6365145599343346,0.8738416662220769,0
2022-02-11,-1.0522982487673258,0.8817929556323267,0
2022-02-12,-0.5639538009937495,0.4808088520974755,0
2022-02-13,0.4076079610481081,0.2992683712322447,0
2022-02-14,-0.6093847824794293,0.2669423310923188,0
2022-02-15,2.621981824441857,0.5012707850375681,0
2022-02-16,-0.05524157431719155,0.30514317659158086,0
2022-02-17,0.5851971076626298,0.7805564938772748,0
2022-02-18,-0.37860594096777417,0.5936359964051187,0
2022-02-19,0.6297151321951261,0.693122844868275,0
2022-02-20,0.20686915767479278,0.5182881765096236,0
2022-02-21,0.646135191941171,0.9266818413323342,1
2022-02-22,-0.20838947180425363,0.1047283109674888,0
2022-02-23,0.02955060422040536,0.7041791227796873,0
2022-02-24,2.3521208558408486,0.1943150912217162,0
2022-02-25,-0.1345775747462867,0.7463794475315954,0
2022-02-26,0.4228726597540789,0.4091128903933423,0
2022-02-27,0.6592394178433856,0.8219244581174066,1
2022-02-28,0.8604808456591133,0.6389115864917082,0
2022-03-01,-0.39573176481993133,0.9991420883418218,0
2022-03-02,0.06709682203115175,0.9485097255037536,0
2022-03-03,-0.006120534879157976,0.29782210842072043,0
2022-03-04,-0.9482721471060919,0.4459416634907506,0
2022-03-05,0.2582612971888089,0.8103241826194162,1
2022-03-06,-1.0089058364426091,0.10855210080247435,0
2022-03-07,0.1681638521815404,0.9587733630539012,0
2022-03-08,-0.813226295552235,0.2254649825196977,1
2022-03-09,0.07410940608341013,0.5786882050221254,1
2022-03-10,0.8619873347080702,0.6900173921812333,0
2022-03-11,-2.0752850715655597,0.1437146470975813,1
2022-03-12,1.1241773145469909,0.14273714077789468,1
2022-03-13,-0.8821203756791,0.9698629995941859,0
2022-03-14,-1.3388026609247277,0.9970214026953604,1
2022-03-15,0.8818341596418307,0.5973566835528393,0
2022-03-16,-0.8378977806819828,0.23731040503334022,0
2022-03-17,0.05374725074124218,0.741271285677785,1
2022-03-18,0.6889707018036826,0.5240991174270139,0
2022-03-19,0.6638174785105241,0.9857376087146276,1
2022-03-20,-1.6539761307133263,0.44477776484954645,0
2022-03-21,0.9365101824638831,0.4964624748815796,0
2022-03-22,0.9091562892971561,0.8856086446048876,0
2022-03-23,1.856331643931994,0.3285489823707455,0
2022-03-24,-1.0030152139400514,0.6080143696004542,0
2022-03-25,-0.7668461593115514,0.8906727094581623,0
2022-03-26,-0.700175619445455,0.4533126523286377,0
2022-03-27,0.3117906111665803,0.6864567342282292,0
2022-03-28,-0.970208643823818,0.811702580620057,0
2022-03-29,-0.30324641391797097,0.9770527335144115,0
2022-03-30,-0.8258784949098489,0.9629803789736627,0
2022-03-31,-0.3056807415219863,0.26620034369929557,0
2022-04-01,-1.052561989913442,0.6350772794156399,0
2022-04-02,-0.6872273916710723,0.340699462856894,0
2022-04-03,0.00627560673081893,0.08676999435732513,0
2022-04-04,-1.4353114750728213,0.37377608491332026,0
2022-04-05,1.448409940290443,0.8727119008369726,0
2022-04-06,1.902844666048388,0.3366416186874849,0
2022-04-07,0.32946271740002636,0.5570835093962373,1
2022-04-08,-0.8842353369566369,0.3971153563039891,0
2022-04-09,0.10441038053723355,0.24644404072112935,1
2022-04-10,0.00398079274594598,0.0014326921128504644,0
2022-04-11,-1.638201558634569,0.7246117765848147,0
2022-04-12,-0.12163157461286202,0.8285975514816803,0
2022-04-13,-0.9241474521376496,0.36686372241466203,0
2022-04-14,-0.9886889146303262,0.8817048444681742,0
2022-04-15,1.2872833953498328,0.673915999464687,0
2022-04-16,-0.20081205320137963,0.14652218488014612,0
2022-04-17,-1.4007694347076447,0.2686964747317624,0
2022-04-18,0.1797818167261493,0.7575231855513191,0
2022-04-19,-0.5356718243986397,0.7083064037162322,0
2022-04-20,0.27377043043845023,0.5996839307178602,1
2022-04-21,-0.8140190601294622,0.20959188281325714,0
2022-04-22,0.8245490714440294,0.09050405162916642,0
2022-04-23,1.6056283291398834,0.8975531680400499,0
2022-04-24,2.476049792326715,0.10654835531372175,0
2022-04-25,0.451666817179307,0.5146572863947145,0
2022-04-26,0.9015216085870381,0.8095910313216135,0
2022-04-27,0.7634741996420581,0.0699123323906301,1
2022-04-28,0.7495238500592604,0.48891841232575084,0
2022-04-29,-1.2670615162095225,0.18043031817234756,0
2022-04-30,-0.2604568491392313,0.9770914985795398,1
2022-05-01,0.7484747119318795,0.4320960933687781,0
2022-05-02,1.7967182680397156,0.7572577113735619,1
2022-05-03,-1.5269862914352599,0.1154559162468125,0
2022-05-04,-0.2256940091436044,0.6679196628593677,1
2022-05-05,2.0229760500861738,0.5133152691637513,0
2022-05-06,-0.932541744565242,0.12190424613727668,0
2022-05-07,0.7232575401210491,0.4716953592365726,0
2022-05-08,0.2871439905528427,0.8941638323838279,0
2022-05-09,2.172174431462167,0.12389786562653227,0
2022-05-10,0.463078240348586,0.8554866196012185,0
2022-05-11,-0.5629109280470317,0.8486569897316203,0
2022-05-12,-0.12137394365334188,0.29048169044677585,0
2022-05-13,0.9183456302495965,0.9834557435982931,0
2022-05-14,-0.8318601413106474,0.46950722689248037,0
2022-05-15,0.350349213075338,0.8215071952277198,0
2022-05-16,-0.4504892907241807,0.5125431883012478,0
2022-05-17,-0.19762832879217282,0.10446066392736142,0
2022-05-18,1.394163273627436,0.5930477473378104,0
2022-05-19,-1.2501837782435834,0.8125762004751413,0
2022-05-20,0.9556100934592463,0.8493397708023572,0
2022-05-21,-0.860258726565435,0.22932682312409725,0
2022-05-22,0.7354036513319899,0.2004598988503219,1
2022-05-23,-1.3880043888509732,0.026168770188489954,0
2022-05-24,-1.7225036101549616,0.2789467522438417,0
2022-05-25,-0.7134238073226336,0.8964563862506477,0
2022-05-26,-0.07614026152666993,0.12487579928848447,0
2022-05-27,-0.6110361505905507,0.7956972983524624,0
2022-05-28,0.3882763426421809,0.5361409446678955,0
2022-05-29,-0.3850303910722097,0.8230589895812349,0
2022-05-30,-0.5386061519960925,0.14316849035467782,0
2022-05-31,-1.7500249802512764,0.24098335773332247,0
2022-06-01,-0.2830546649460487,0.32435337070449966,0
2022-06-02,0.009887797455909186,0.38443205381528,0
2022-06-03,-0.5026956495033609,0.0983884935909799,0
2022-06-04,0.013955290363693439,0.41988564190435296,0
2022-06-05,-0.8542653719140424,0.1020115626479885,0
2022-06-06,-0.24268143772585504,0.9979965201298525,0
2022-06-07,1.165670404136035,0.3624308008467432,0
2022-06-08,-0.7324502923120811,0.9637677669066413,0
2022-06-09,-0.33330075459278224,0.28230408427136944,1
2022-06-10,-1.2609203176828212,0.016765126321305446,0
2022-06-11,0.07523033171226799,0.11966339513931035,0
2022-06-12,0.5896941958527994,0.26661130672522304,1
2022-06-13,0.43921573422641536,0.06632270615060509,1
2022-06-14,1.272890109958247,0.06554233167070012,1
2022-06-15,-0.15538674979069844,0.546953528467885,1
2022-06-16,-1.0924531442493906,0.7054286831614973,0
2022-06-17,1.7958879435825865,0.06896305535895997,0
2022-06-18,-1.1931050986448264,0.164634239997551,0
2022-06-19,1.2551229347348218,0.3202630218455186,0
2022-06-20,-0.9764088121468452,0.10636774843368546,1
2022-06-21,-0.30840668264861737,0.7710764783539442,1
2022-06-22,-1.4346337479671447,0.23389855925973746,0
2022-06-23,-0.8603352268660807,0.1381443060078058,1
2022-06-24,-0.6786797022563635,0.9487368500014307,0
2022-06-25,1.3749496015971379,0.2946851214555707,0
2022-06-26,-0.8029874622178352,0.474659332250723,1
2022-06-27,0.035672719563587724,0.6967151981433005,0
2022-06-28,-0.1845627786625465,0.8761910948252073,0
2022-06-29,0.43941505122261815,0.31064420427918593,0
2022-06-30,-0.9094659339993383,0.11859639651659826,1
2022-07-01,0.21088967059369204,0.44415237240442396,0
2022-07-02,0.404110214680729,0.7849948013312015,0
2022-07-03,0.1641411125145902,0.773570463529498,1
2022-07-04,0.46326305602617524,0.3725182959400566,1
2022-07-05,-1.2951082974305699,0.7326225284866408,0
2022-07-06,-0.5027070507446671,0.13954703729921847,0
2022-07-07,-0.29732588882976146,0.3002433776422676,0
2022-07-08,-1.4415031229156472,0.9724002119708436,0
2022-07-09,-1.0986062507873904,0.7764294398260843,0
2022-07-10,1.5083229854567268,0.27729355865258354,0
2022-07-11,-1.3235094723583027,0.18064301584960407,0
2022-07-12,0.1522092818191783,0.5740729394065145,0
2022-07-13,-0.12104508674245881,0.128403848887216,0
2022-07-14,-1.4319559527787604,0.08290427094829189,0
2022-07-15,-0.19172963899346127,0.19630197537335736,0
2022-07-16,1.3433281757224362,0.8375438308861626,0
2022-07-17,-1.0420069754216525,0.34881592302848097,0
2022-07-18,-0.9471023361415557,0.1650377338693242,0
2022-07-19,-0.12951872862785757,0.027552807190808437,0
2022-07-20,0.14097058153113148,0.33169739032753587,0
2022-07-21,0.04101254082312698,0.050270128169530914,0
2022-07-22,-1.5352798316860614,0.3072151017905951,0
2022-07-23,1.2624137064892273,0.3294666986810476,0
2022-07-24,0.30477597250341676,0.3381969137191011,0
2022-07-25,-0.911355686139552,0.3200097235528878,0
2022-07-26,-1.4369763532771265,0.4446782964950282,1
2022-07-27,0.40108248566595084,0.6196658809403154,0
2022-07-28,0.06048677375849782,0.10831556659125907,1
2022-07-29,1.491608780806511,0.17637807959371266,1
2022-07-30,1.6971516302656897,0.6218733284622436,1
2022-07-31,-1.8992277179101908,0.030963009827613353,0
2022-08-01,0.8503569520149495,0.7898232471802162,0
2022-08-02,0.03601982619415795,0.26738014750943917,1
2022-08-03,0.21744034030876347,0.5804913825418201,0
2022-08-04,-1.0252407221182256,0.8212805839910997,0
2022-08-05,-0.9221909204569649,0.34075257369426737,0
2022-08-06,-0.2840374234432061,0.7371986900502968,0
2022-08-07,0.19746427184546586,0.9505437958753558,1
2022-08-08,-0.8423195369697475,0.4471470259719409,0
2022-08-09,-1.3719662162375443,0.24553490448906368,0
2022-08-10,-0.6874776748313192,0.5341700668934843,1
2022-08-11,-1.7666044759301245,0.10043018041527363,0
2022-08-12,-0.3928265297555949,0.4521758291614737,0
2022-08-13,0.5479716059043572,0.8315805781725192,0
2022-08-14,-0.3511481297628361,0.6762443898341133,0
2022-08-15,0.8824591911969949,0.24334937378675747,0
2022-08-16,-0.5301185044904948,0.8459307054376363,0
2022-08-17,1.877585462383611,0.7354217714422461,0
2022-08-18,1.2281897155863237,0.234741755032141,0
2022-08-19,0.42058834130378503,0.20991910331516384,0
2022-08-20,-0.7724755168004828,0.9131539179961344,0
2022-08-21,-1.264594920607425,0.12863583385864463,1
2022-08-22,-1.5170778808086947,0.1387777663469747,0
2022-08-23,0.13552353765238964,0.9222098870004973,1
2022-08-24,0.3903461935183695,0.6587262048822023,0
2022-08-25,-0.30052135035604843,0.9632740582203366,0
2022-08-26,0.7010220022000216,0.08993723727442515,0
2022-08-27,-0.6750599371564797,0.7935919585203204,0
2022-08-28,-0.14887903759866608,0.06382887862253861,0
2022-08-29,-0.3356435884820221,0.8653551638109387,0
2022-08-30,0.8667547182056613,0.7653307986378227,0
2022-08-31,-0.42575978723139546,0.06893987449051242,0
2022-09-01,1.381934795293519,0.7638467199627837,0
2022-09-02,1.64901386971479,0.06456091738072911,0
2022-09-03,0.40905648214246415,0.2647187547425137,0
2022-09-04,-0.9542819352051235,0.46144627955708073,0
2022-09-05,-0.515866421910861,0.891947134594964,0
2022-09-06,-1.0493108348947788,0.9945817177020039,0
2022-09-07,-0.17994470975088864,0.5783103846073719,0
2022-09-08,0.2360732320824381,0.4588595061027049,0
2022-09-09,-1.7415878700575032,0.8904235369281259,1
2022-09-10,-0.5825243072934396,0.5478250336012501,1
2022-09-11,0.19853377581777604,0.20610320383641223,0
2022-09-12,1.9548298455663358,0.2252459243649978,0
2022-09-13,0.9820548006043582,0.02746412729623937,0
2022-09-14,0.23109789387630927,0.4909087555539928,0
2022-09-15,0.026266896923296583,0.9764985009905767,0
2022-09-16,-1.3257568877952166,0.11877417599643914,0
2022-09-17,1.7782989099457378,0.39734997454774645,0
2022-09-18,0.14787981695912308,0.782705145246412,1
2022-09-19,-0.3955321731733849,0.2762953900672255,1
2022-09-20,1.0637587765242542,0.4241780845543701,0
2022-09-21,3.1554730826245554,0.7184533570994093,0
2022-09-22,1.3397392972933797,0.8220479237628895,1
2022-09-23,1.3777773282746426,0.9179848767805165,0
2022-09-24,-0.6234115235209611,0.6823949346002386,0
2022-09-25,0.48719717371066673,0.7706981345045165,0
2022-09-26,1.9292821486798193,0.9528741870101938,1
